event_id,event_type,detector,stream_position,timestamp,model_version,window_size,metric_context,detector_state
1,drift,ADWIN,383,2026-09-08T09:15:39,baseline_v1,64.0,"{""rolling_error_500"": 0.8724, ""cumulative_error"": 0.8724}","{""detector"": ""ADWIN"", ""delta"": 0.002, ""n_seen"": 384, ""n_drifts"": 1, ""window_size"": 64.0, ""estimation"": 0.46875}"
2,drift,ADWIN,575,2026-09-08T09:15:39,baseline_v1,64.0,"{""rolling_error_500"": 0.574, ""cumulative_error"": 0.6285}","{""detector"": ""ADWIN"", ""delta"": 0.002, ""n_seen"": 576, ""n_drifts"": 2, ""window_size"": 64.0, ""estimation"": 0.421875}"
3,drift,ADWIN,671,2026-09-08T09:15:39,baseline_v1,56.0,"{""rolling_error_500"": 0.526, ""cumulative_error"": 0.625}","{""detector"": ""ADWIN"", ""delta"": 0.002, ""n_seen"": 672, ""n_drifts"": 3, ""window_size"": 56.0, ""estimation"": 0.42857142857142855}"
4,drift,ADWIN,767,2026-09-08T09:15:39,baseline_v1,64.0,"{""rolling_error_500"": 0.39, ""cumulative_error"": 0.5833}","{""detector"": ""ADWIN"", ""delta"": 0.002, ""n_seen"": 768, ""n_drifts"": 4, ""window_size"": 64.0, ""estimation"": 0.4375}"
5,drift,ADWIN,959,2026-09-08T09:15:39,baseline_v1,64.0,"{""rolling_error_500"": 0.56, ""cumulative_error"": 0.6406}","{""detector"": ""ADWIN"", ""delta"": 0.002, ""n_seen"": 960, ""n_drifts"": 5, ""window_size"": 64.0, ""estimation"": 0.640625}"
6,drift,ADWIN,1087,2026-09-08T09:15:39,baseline_v1,80.0,"{""rolling_error_500"": 0.572, ""cumulative_error"": 0.6029}","{""detector"": ""ADWIN"", ""delta"": 0.002, ""n_seen"": 1088, ""n_drifts"": 6, ""window_size"": 80.0, ""estimation"": 0.5125}"
7,drift,ADWIN,1215,2026-09-08T09:15:39,baseline_v1,96.0,"{""rolling_error_500"": 0.564, ""cumulative_error"": 0.5781}","{""detector"": ""ADWIN"", ""delta"": 0.002, ""n_seen"": 1216, ""n_drifts"": 7, ""window_size"": 96.0, ""estimation"": 0.4583333333333333}"
8,drift,ADWIN,1311,2026-09-08T09:15:39,baseline_v1,80.0,"{""rolling_error_500"": 0.554, ""cumulative_error"": 0.5854}","{""detector"": ""ADWIN"", ""delta"": 0.002, ""n_seen"": 1312, ""n_drifts"": 8, ""window_size"": 80.0, ""estimation"": 0.6625}"
9,drift,ADWIN,2175,2026-09-08T09:15:39,baseline_v1,96.0,"{""rolling_error_500"": 0.96, ""cumulative_error"": 0.7353}","{""detector"": ""ADWIN"", ""delta"": 0.002, ""n_seen"": 2176, ""n_drifts"": 9, ""window_size"": 96.0, ""estimation"": 0.8229166666666666}"
10,drift,ADWIN,3903,2026-09-08T09:15:40,baseline_v1,64.0,"{""rolling_error_500"": 0.932, ""cumulative_error"": 0.832}","{""detector"": ""ADWIN"", ""delta"": 0.002, ""n_seen"": 3904, ""n_drifts"": 10, ""window_size"": 64.0, ""estimation"": 0.546875}"
11,drift,ADWIN,3999,2026-09-08T09:15:40,baseline_v1,64.0,"{""rolling_error_500"": 0.802, ""cumulative_error"": 0.8195}","{""detector"": ""ADWIN"", ""delta"": 0.002, ""n_seen"": 4000, ""n_drifts"": 11, ""window_size"": 64.0, ""estimation"": 0.453125}"
12,drift,ADWIN,4127,2026-09-08T09:15:40,baseline_v1,96.0,"{""rolling_error_500"": 0.726, ""cumulative_error"": 0.8154}","{""detector"": ""ADWIN"", ""delta"": 0.002, ""n_seen"": 4128, ""n_drifts"": 12, ""window_size"": 96.0, ""estimation"": 0.7291666666666666}"
13,drift,ADWIN,4351,2026-09-08T09:15:40,baseline_v1,128.0,"{""rolling_error_500"": 0.666, ""cumulative_error"": 0.8176}","{""detector"": ""ADWIN"", ""delta"": 0.002, ""n_seen"": 4352, ""n_drifts"": 13, ""window_size"": 128.0, ""estimation"": 0.9921875}"
14,drift,ADWIN,4671,2026-09-08T09:15:40,baseline_v1,128.0,"{""rolling_error_500"": 0.866, ""cumulative_error"": 0.8213}","{""detector"": ""ADWIN"", ""delta"": 0.002, ""n_seen"": 4672, ""n_drifts"": 14, ""window_size"": 128.0, ""estimation"": 0.6796875}"
15,drift,ADWIN,5023,2026-09-08T09:15:40,baseline_v1,64.0,"{""rolling_error_500"": 0.858, ""cumulative_error"": 0.8278}","{""detector"": ""ADWIN"", ""delta"": 0.002, ""n_seen"": 5024, ""n_drifts"": 15, ""window_size"": 64.0, ""estimation"": 0.609375}"
16,drift,ADWIN,5695,2026-09-08T09:15:40,baseline_v1,64.0,"{""rolling_error_500"": 0.928, ""cumulative_error"": 0.8411}","{""detector"": ""ADWIN"", ""delta"": 0.002, ""n_seen"": 5696, ""n_drifts"": 16, ""window_size"": 64.0, ""estimation"": 0.46875}"
17,drift,ADWIN,5823,2026-09-08T09:15:40,baseline_v1,80.0,"{""rolling_error_500"": 0.716, ""cumulative_error"": 0.8264}","{""detector"": ""ADWIN"", ""delta"": 0.002, ""n_seen"": 5824, ""n_drifts"": 17, ""window_size"": 80.0, ""estimation"": 0.275}"
18,drift,ADWIN,7231,2026-09-08T09:15:41,baseline_v1,56.0,"{""rolling_error_500"": 0.926, ""cumulative_error"": 0.8529}","{""detector"": ""ADWIN"", ""delta"": 0.002, ""n_seen"": 7232, ""n_drifts"": 18, ""window_size"": 56.0, ""estimation"": 0.48214285714285715}"
19,drift,ADWIN,7391,2026-09-08T09:15:41,baseline_v1,128.0,"{""rolling_error_500"": 0.792, ""cumulative_error"": 0.8459}","{""detector"": ""ADWIN"", ""delta"": 0.002, ""n_seen"": 7392, ""n_drifts"": 19, ""window_size"": 128.0, ""estimation"": 0.6640625}"
20,drift,ADWIN,7999,2026-09-08T09:15:41,baseline_v1,64.0,"{""rolling_error_500"": 0.934, ""cumulative_error"": 0.8535}","{""detector"": ""ADWIN"", ""delta"": 0.002, ""n_seen"": 8000, ""n_drifts"": 20, ""window_size"": 64.0, ""estimation"": 0.609375}"
21,drift,ADWIN,8351,2026-09-08T09:15:41,baseline_v1,64.0,"{""rolling_error_500"": 0.88, ""cumulative_error"": 0.8557}","{""detector"": ""ADWIN"", ""delta"": 0.002, ""n_seen"": 8352, ""n_drifts"": 21, ""window_size"": 64.0, ""estimation"": 0.59375}"
22,drift,ADWIN,8447,2026-09-08T09:15:41,baseline_v1,80.0,"{""rolling_error_500"": 0.784, ""cumulative_error"": 0.8514}","{""detector"": ""ADWIN"", ""delta"": 0.002, ""n_seen"": 8448, ""n_drifts"": 22, ""window_size"": 80.0, ""estimation"": 0.5625}"
23,drift,ADWIN,8767,2026-09-08T09:15:41,baseline_v1,64.0,"{""rolling_error_500"": 0.792, ""cumulative_error"": 0.8537}","{""detector"": ""ADWIN"", ""delta"": 0.002, ""n_seen"": 8768, ""n_drifts"": 23, ""window_size"": 64.0, ""estimation"": 0.59375}"
24,drift,ADWIN,9343,2026-09-08T09:15:42,baseline_v1,96.0,"{""rolling_error_500"": 0.032, ""cumulative_error"": 0.8028}","{""detector"": ""ADWIN"", ""delta"": 0.002, ""n_seen"": 9344, ""n_drifts"": 24, ""window_size"": 96.0, ""estimation"": 0.16666666666666666}"
25,drift,ADWIN,9663,2026-09-08T09:15:42,baseline_v1,160.0,"{""rolling_error_500"": 0.612, ""cumulative_error"": 0.8062}","{""detector"": ""ADWIN"", ""delta"": 0.002, ""n_seen"": 9664, ""n_drifts"": 25, ""window_size"": 160.0, ""estimation"": 0.84375}"
26,drift,ADWIN,9759,2026-09-08T09:15:42,baseline_v1,80.0,"{""rolling_error_500"": 0.664, ""cumulative_error"": 0.8009}","{""detector"": ""ADWIN"", ""delta"": 0.002, ""n_seen"": 9760, ""n_drifts"": 26, ""window_size"": 80.0, ""estimation"": 0.125}"
27,drift,ADWIN,9951,2026-09-08T09:15:42,baseline_v1,64.0,"{""rolling_error_500"": 0.714, ""cumulative_error"": 0.7999}","{""detector"": ""ADWIN"", ""delta"": 0.002, ""n_seen"": 9952, ""n_drifts"": 27, ""window_size"": 64.0, ""estimation"": 0.3125}"
28,drift,ADWIN,11103,2026-09-08T09:15:42,baseline_v1,64.0,"{""rolling_error_500"": 0.05, ""cumulative_error"": 0.7192}","{""detector"": ""ADWIN"", ""delta"": 0.002, ""n_seen"": 11104, ""n_drifts"": 28, ""window_size"": 64.0, ""estimation"": 0.390625}"
29,drift,ADWIN,11679,2026-09-08T09:15:42,baseline_v1,96.0,"{""rolling_error_500"": 0.932, ""cumulative_error"": 0.7299}","{""detector"": ""ADWIN"", ""delta"": 0.002, ""n_seen"": 11680, ""n_drifts"": 29, ""window_size"": 96.0, ""estimation"": 0.8125}"
30,drift,ADWIN,11967,2026-09-08T09:15:42,baseline_v1,128.0,"{""rolling_error_500"": 0.406, ""cumulative_error"": 0.7135}","{""detector"": ""ADWIN"", ""delta"": 0.002, ""n_seen"": 11968, ""n_drifts"": 30, ""window_size"": 128.0, ""estimation"": 0.109375}"
31,drift,ADWIN,12127,2026-09-08T09:15:42,baseline_v1,64.0,"{""rolling_error_500"": 0.322, ""cumulative_error"": 0.7133}","{""detector"": ""ADWIN"", ""delta"": 0.002, ""n_seen"": 12128, ""n_drifts"": 31, ""window_size"": 64.0, ""estimation"": 0.5}"
32,drift,ADWIN,12287,2026-09-08T09:15:42,baseline_v1,64.0,"{""rolling_error_500"": 0.348, ""cumulative_error"": 0.7079}","{""detector"": ""ADWIN"", ""delta"": 0.002, ""n_seen"": 12288, ""n_drifts"": 32, ""window_size"": 64.0, ""estimation"": 0.6875}"
33,drift,ADWIN,12447,2026-09-08T09:15:42,baseline_v1,96.0,"{""rolling_error_500"": 0.594, ""cumulative_error"": 0.7087}","{""detector"": ""ADWIN"", ""delta"": 0.002, ""n_seen"": 12448, ""n_drifts"": 33, ""window_size"": 96.0, ""estimation"": 0.625}"
34,drift,ADWIN,13151,2026-09-08T09:15:43,baseline_v1,64.0,"{""rolling_error_500"": 0.906, ""cumulative_error"": 0.7195}","{""detector"": ""ADWIN"", ""delta"": 0.002, ""n_seen"": 13152, ""n_drifts"": 34, ""window_size"": 64.0, ""estimation"": 0.5}"
35,drift,ADWIN,13343,2026-09-08T09:15:43,baseline_v1,128.0,"{""rolling_error_500"": 0.586, ""cumulative_error"": 0.711}","{""detector"": ""ADWIN"", ""delta"": 0.002, ""n_seen"": 13344, ""n_drifts"": 35, ""window_size"": 128.0, ""estimation"": 0.1875}"
36,drift,ADWIN,23679,2026-09-08T09:15:46,baseline_v1,64.0,"{""rolling_error_500"": 0.076, ""cumulative_error"": 0.4024}","{""detector"": ""ADWIN"", ""delta"": 0.002, ""n_seen"": 23680, ""n_drifts"": 36, ""window_size"": 64.0, ""estimation"": 0.578125}"
37,drift,ADWIN,23967,2026-09-08T09:15:46,baseline_v1,80.0,"{""rolling_error_500"": 0.562, ""cumulative_error"": 0.4078}","{""detector"": ""ADWIN"", ""delta"": 0.002, ""n_seen"": 23968, ""n_drifts"": 37, ""window_size"": 80.0, ""estimation"": 0.55}"
38,drift,ADWIN,25023,2026-09-08T09:15:46,baseline_v1,56.0,"{""rolling_error_500"": 0.91, ""cumulative_error"": 0.4303}","{""detector"": ""ADWIN"", ""delta"": 0.002, ""n_seen"": 25024, ""n_drifts"": 38, ""window_size"": 56.0, ""estimation"": 0.2857142857142857}"
39,drift,ADWIN,25247,2026-09-08T09:15:46,baseline_v1,64.0,"{""rolling_error_500"": 0.534, ""cumulative_error"": 0.4278}","{""detector"": ""ADWIN"", ""delta"": 0.002, ""n_seen"": 25248, ""n_drifts"": 39, ""window_size"": 64.0, ""estimation"": 0.5}"
40,drift,ADWIN,25343,2026-09-08T09:15:46,baseline_v1,56.0,"{""rolling_error_500"": 0.476, ""cumulative_error"": 0.4288}","{""detector"": ""ADWIN"", ""delta"": 0.002, ""n_seen"": 25344, ""n_drifts"": 40, ""window_size"": 56.0, ""estimation"": 0.5178571428571429}"
41,drift,ADWIN,25471,2026-09-08T09:15:46,baseline_v1,64.0,"{""rolling_error_500"": 0.31, ""cumulative_error"": 0.4284}","{""detector"": ""ADWIN"", ""delta"": 0.002, ""n_seen"": 25472, ""n_drifts"": 41, ""window_size"": 64.0, ""estimation"": 0.671875}"
42,drift,ADWIN,26047,2026-09-08T09:15:46,baseline_v1,160.0,"{""rolling_error_500"": 0.966, ""cumulative_error"": 0.4402}","{""detector"": ""ADWIN"", ""delta"": 0.002, ""n_seen"": 26048, ""n_drifts"": 42, ""window_size"": 160.0, ""estimation"": 0.9}"
43,drift,ADWIN,26367,2026-09-08T09:15:46,baseline_v1,64.0,"{""rolling_error_500"": 0.876, ""cumulative_error"": 0.4452}","{""detector"": ""ADWIN"", ""delta"": 0.002, ""n_seen"": 26368, ""n_drifts"": 43, ""window_size"": 64.0, ""estimation"": 0.359375}"
44,drift,ADWIN,26591,2026-09-08T09:15:46,baseline_v1,64.0,"{""rolling_error_500"": 0.542, ""cumulative_error"": 0.443}","{""detector"": ""ADWIN"", ""delta"": 0.002, ""n_seen"": 26592, ""n_drifts"": 44, ""window_size"": 64.0, ""estimation"": 0.640625}"
45,drift,ADWIN,26687,2026-09-08T09:15:46,baseline_v1,64.0,"{""rolling_error_500"": 0.488, ""cumulative_error"": 0.444}","{""detector"": ""ADWIN"", ""delta"": 0.002, ""n_seen"": 26688, ""n_drifts"": 45, ""window_size"": 64.0, ""estimation"": 0.5625}"
46,drift,ADWIN,26943,2026-09-08T09:15:47,baseline_v1,80.0,"{""rolling_error_500"": 0.494, ""cumulative_error"": 0.4449}","{""detector"": ""ADWIN"", ""delta"": 0.002, ""n_seen"": 26944, ""n_drifts"": 46, ""window_size"": 80.0, ""estimation"": 0.7625}"
47,drift,ADWIN,27039,2026-09-08T09:15:47,baseline_v1,64.0,"{""rolling_error_500"": 0.596, ""cumulative_error"": 0.4452}","{""detector"": ""ADWIN"", ""delta"": 0.002, ""n_seen"": 27040, ""n_drifts"": 47, ""window_size"": 64.0, ""estimation"": 0.3125}"
48,drift,ADWIN,27263,2026-09-08T09:15:47,baseline_v1,64.0,"{""rolling_error_500"": 0.368, ""cumulative_error"": 0.4431}","{""detector"": ""ADWIN"", ""delta"": 0.002, ""n_seen"": 27264, ""n_drifts"": 48, ""window_size"": 64.0, ""estimation"": 0.671875}"
49,drift,ADWIN,27711,2026-09-08T09:15:47,baseline_v1,64.0,"{""rolling_error_500"": 0.862, ""cumulative_error"": 0.4499}","{""detector"": ""ADWIN"", ""delta"": 0.002, ""n_seen"": 27712, ""n_drifts"": 49, ""window_size"": 64.0, ""estimation"": 0.296875}"
50,drift,ADWIN,27967,2026-09-08T09:15:47,baseline_v1,224.0,"{""rolling_error_500"": 0.47, ""cumulative_error"": 0.4473}","{""detector"": ""ADWIN"", ""delta"": 0.002, ""n_seen"": 27968, ""n_drifts"": 50, ""window_size"": 224.0, ""estimation"": 0.18303571428571427}"
51,drift,ADWIN,28255,2026-09-08T09:15:47,baseline_v1,128.0,"{""rolling_error_500"": 0.208, ""cumulative_error"": 0.445}","{""detector"": ""ADWIN"", ""delta"": 0.002, ""n_seen"": 28256, ""n_drifts"": 51, ""window_size"": 128.0, ""estimation"": 0.390625}"
52,drift,ADWIN,28383,2026-09-08T09:15:47,baseline_v1,64.0,"{""rolling_error_500"": 0.312, ""cumulative_error"": 0.4455}","{""detector"": ""ADWIN"", ""delta"": 0.002, ""n_seen"": 28384, ""n_drifts"": 52, ""window_size"": 64.0, ""estimation"": 0.234375}"
53,drift,ADWIN,28575,2026-09-08T09:15:47,baseline_v1,160.0,"{""rolling_error_500"": 0.282, ""cumulative_error"": 0.443}","{""detector"": ""ADWIN"", ""delta"": 0.002, ""n_seen"": 28576, ""n_drifts"": 53, ""window_size"": 160.0, ""estimation"": 0.09375}"
54,drift,ADWIN,29055,2026-09-08T09:15:47,baseline_v1,64.0,"{""rolling_error_500"": 0.834, ""cumulative_error"": 0.4496}","{""detector"": ""ADWIN"", ""delta"": 0.002, ""n_seen"": 29056, ""n_drifts"": 54, ""window_size"": 64.0, ""estimation"": 0.265625}"
55,drift,ADWIN,29279,2026-09-08T09:15:47,baseline_v1,64.0,"{""rolling_error_500"": 0.524, ""cumulative_error"": 0.4479}","{""detector"": ""ADWIN"", ""delta"": 0.002, ""n_seen"": 29280, ""n_drifts"": 55, ""window_size"": 64.0, ""estimation"": 0.703125}"
56,drift,ADWIN,29375,2026-09-08T09:15:47,baseline_v1,64.0,"{""rolling_error_500"": 0.478, ""cumulative_error"": 0.4487}","{""detector"": ""ADWIN"", ""delta"": 0.002, ""n_seen"": 29376, ""n_drifts"": 56, ""window_size"": 64.0, ""estimation"": 0.53125}"
57,drift,ADWIN,29503,2026-09-08T09:15:47,baseline_v1,112.0,"{""rolling_error_500"": 0.404, ""cumulative_error"": 0.4494}","{""detector"": ""ADWIN"", ""delta"": 0.002, ""n_seen"": 29504, ""n_drifts"": 57, ""window_size"": 112.0, ""estimation"": 0.7053571428571429}"
58,drift,ADWIN,30143,2026-09-08T09:15:47,baseline_v1,224.0,"{""rolling_error_500"": 0.934, ""cumulative_error"": 0.46}","{""detector"": ""ADWIN"", ""delta"": 0.002, ""n_seen"": 30144, ""n_drifts"": 58, ""window_size"": 224.0, ""estimation"": 0.8571428571428571}"
59,drift,ADWIN,31263,2026-09-08T09:15:48,baseline_v1,736.0,"{""rolling_error_500"": 0.942, ""cumulative_error"": 0.4778}","{""detector"": ""ADWIN"", ""delta"": 0.002, ""n_seen"": 31264, ""n_drifts"": 59, ""window_size"": 736.0, ""estimation"": 0.9510869565217391}"
60,drift,ADWIN,31487,2026-09-08T09:15:48,baseline_v1,80.0,"{""rolling_error_500"": 0.87, ""cumulative_error"": 0.4801}","{""detector"": ""ADWIN"", ""delta"": 0.002, ""n_seen"": 31488, ""n_drifts"": 60, ""window_size"": 80.0, ""estimation"": 0.5125}"
61,drift,ADWIN,31583,2026-09-08T09:15:48,baseline_v1,80.0,"{""rolling_error_500"": 0.8, ""cumulative_error"": 0.4805}","{""detector"": ""ADWIN"", ""delta"": 0.002, ""n_seen"": 31584, ""n_drifts"": 61, ""window_size"": 80.0, ""estimation"": 0.7375}"
62,drift,ADWIN,31807,2026-09-08T09:15:48,baseline_v1,80.0,"{""rolling_error_500"": 0.51, ""cumulative_error"": 0.479}","{""detector"": ""ADWIN"", ""delta"": 0.002, ""n_seen"": 31808, ""n_drifts"": 62, ""window_size"": 80.0, ""estimation"": 0.5}"
63,drift,ADWIN,32447,2026-09-08T09:15:48,baseline_v1,64.0,"{""rolling_error_500"": 0.9, ""cumulative_error"": 0.4873}","{""detector"": ""ADWIN"", ""delta"": 0.002, ""n_seen"": 32448, ""n_drifts"": 63, ""window_size"": 64.0, ""estimation"": 0.4375}"
64,drift,ADWIN,32607,2026-09-08T09:15:48,baseline_v1,64.0,"{""rolling_error_500"": 0.732, ""cumulative_error"": 0.487}","{""detector"": ""ADWIN"", ""delta"": 0.002, ""n_seen"": 32608, ""n_drifts"": 64, ""window_size"": 64.0, ""estimation"": 0.609375}"
65,drift,ADWIN,32927,2026-09-08T09:15:48,baseline_v1,56.0,"{""rolling_error_500"": 0.706, ""cumulative_error"": 0.4909}","{""detector"": ""ADWIN"", ""delta"": 0.002, ""n_seen"": 32928, ""n_drifts"": 65, ""window_size"": 56.0, ""estimation"": 0.42857142857142855}"
66,drift,ADWIN,33087,2026-09-08T09:15:48,baseline_v1,56.0,"{""rolling_error_500"": 0.706, ""cumulative_error"": 0.49}","{""detector"": ""ADWIN"", ""delta"": 0.002, ""n_seen"": 33088, ""n_drifts"": 66, ""window_size"": 56.0, ""estimation"": 0.5892857142857143}"
67,drift,ADWIN,33727,2026-09-08T09:15:49,baseline_v1,384.0,"{""rolling_error_500"": 0.954, ""cumulative_error"": 0.4989}","{""detector"": ""ADWIN"", ""delta"": 0.002, ""n_seen"": 33728, ""n_drifts"": 67, ""window_size"": 384.0, ""estimation"": 0.9453125}"
68,drift,ADWIN,33855,2026-09-08T09:15:49,baseline_v1,96.0,"{""rolling_error_500"": 0.886, ""cumulative_error"": 0.4997}","{""detector"": ""ADWIN"", ""delta"": 0.002, ""n_seen"": 33856, ""n_drifts"": 68, ""window_size"": 96.0, ""estimation"": 0.7708333333333334}"
69,drift,ADWIN,34207,2026-09-08T09:15:49,baseline_v1,64.0,"{""rolling_error_500"": 0.842, ""cumulative_error"": 0.5039}","{""detector"": ""ADWIN"", ""delta"": 0.002, ""n_seen"": 34208, ""n_drifts"": 69, ""window_size"": 64.0, ""estimation"": 0.6875}"
70,drift,ADWIN,34303,2026-09-08T09:15:49,baseline_v1,64.0,"{""rolling_error_500"": 0.814, ""cumulative_error"": 0.5036}","{""detector"": ""ADWIN"", ""delta"": 0.002, ""n_seen"": 34304, ""n_drifts"": 70, ""window_size"": 64.0, ""estimation"": 0.5625}"
71,drift,ADWIN,34399,2026-09-08T09:15:49,baseline_v1,64.0,"{""rolling_error_500"": 0.746, ""cumulative_error"": 0.5039}","{""detector"": ""ADWIN"", ""delta"": 0.002, ""n_seen"": 34400, ""n_drifts"": 71, ""window_size"": 64.0, ""estimation"": 0.859375}"
72,drift,ADWIN,34783,2026-09-08T09:15:49,baseline_v1,56.0,"{""rolling_error_500"": 0.862, ""cumulative_error"": 0.5084}","{""detector"": ""ADWIN"", ""delta"": 0.002, ""n_seen"": 34784, ""n_drifts"": 72, ""window_size"": 56.0, ""estimation"": 0.44642857142857145}"
73,drift,ADWIN,34879,2026-09-08T09:15:49,baseline_v1,80.0,"{""rolling_error_500"": 0.864, ""cumulative_error"": 0.5088}","{""detector"": ""ADWIN"", ""delta"": 0.002, ""n_seen"": 34880, ""n_drifts"": 73, ""window_size"": 80.0, ""estimation"": 0.7125}"
74,drift,ADWIN,35039,2026-09-08T09:15:49,baseline_v1,64.0,"{""rolling_error_500"": 0.77, ""cumulative_error"": 0.5097}","{""detector"": ""ADWIN"", ""delta"": 0.002, ""n_seen"": 35040, ""n_drifts"": 74, ""window_size"": 64.0, ""estimation"": 0.28125}"
75,drift,ADWIN,35327,2026-09-08T09:15:49,baseline_v1,256.0,"{""rolling_error_500"": 0.348, ""cumulative_error"": 0.5059}","{""detector"": ""ADWIN"", ""delta"": 0.002, ""n_seen"": 35328, ""n_drifts"": 75, ""window_size"": 256.0, ""estimation"": 0.046875}"
76,drift,ADWIN,35999,2026-09-08T09:15:49,baseline_v1,64.0,"{""rolling_error_500"": 0.918, ""cumulative_error"": 0.5139}","{""detector"": ""ADWIN"", ""delta"": 0.002, ""n_seen"": 36000, ""n_drifts"": 76, ""window_size"": 64.0, ""estimation"": 0.40625}"
77,drift,ADWIN,62207,2026-09-08T09:15:57,baseline_v1,1120.0,"{""rolling_error_500"": 0.018, ""cumulative_error"": 0.2976}","{""detector"": ""ADWIN"", ""delta"": 0.002, ""n_seen"": 62208, ""n_drifts"": 77, ""window_size"": 1120.0, ""estimation"": 0.008035714285714285}"
78,drift,ADWIN,62367,2026-09-08T09:15:57,baseline_v1,64.0,"{""rolling_error_500"": 0.194, ""cumulative_error"": 0.2982}","{""detector"": ""ADWIN"", ""delta"": 0.002, ""n_seen"": 62368, ""n_drifts"": 78, ""window_size"": 64.0, ""estimation"": 0.875}"
79,drift,ADWIN,62463,2026-09-08T09:15:57,baseline_v1,64.0,"{""rolling_error_500"": 0.31, ""cumulative_error"": 0.2987}","{""detector"": ""ADWIN"", ""delta"": 0.002, ""n_seen"": 62464, ""n_drifts"": 79, ""window_size"": 64.0, ""estimation"": 0.40625}"
80,drift,ADWIN,62687,2026-09-08T09:15:57,baseline_v1,56.0,"{""rolling_error_500"": 0.376, ""cumulative_error"": 0.2982}","{""detector"": ""ADWIN"", ""delta"": 0.002, ""n_seen"": 62688, ""n_drifts"": 80, ""window_size"": 56.0, ""estimation"": 0.5714285714285714}"
81,drift,ADWIN,63135,2026-09-08T09:15:57,baseline_v1,64.0,"{""rolling_error_500"": 0.916, ""cumulative_error"": 0.3028}","{""detector"": ""ADWIN"", ""delta"": 0.002, ""n_seen"": 63136, ""n_drifts"": 81, ""window_size"": 64.0, ""estimation"": 0.671875}"
82,drift,ADWIN,64063,2026-09-08T09:15:57,baseline_v1,56.0,"{""rolling_error_500"": 0.064, ""cumulative_error"": 0.2989}","{""detector"": ""ADWIN"", ""delta"": 0.002, ""n_seen"": 64064, ""n_drifts"": 82, ""window_size"": 56.0, ""estimation"": 0.5535714285714286}"
83,drift,ADWIN,64671,2026-09-08T09:15:57,baseline_v1,256.0,"{""rolling_error_500"": 0.972, ""cumulative_error"": 0.3053}","{""detector"": ""ADWIN"", ""delta"": 0.002, ""n_seen"": 64672, ""n_drifts"": 83, ""window_size"": 256.0, ""estimation"": 0.9453125}"
84,drift,ADWIN,68575,2026-09-08T09:15:59,baseline_v1,192.0,"{""rolling_error_500"": 0.974, ""cumulative_error"": 0.3446}","{""detector"": ""ADWIN"", ""delta"": 0.002, ""n_seen"": 68576, ""n_drifts"": 84, ""window_size"": 192.0, ""estimation"": 0.9322916666666666}"
85,drift,ADWIN,70271,2026-09-08T09:15:59,baseline_v1,64.0,"{""rolling_error_500"": 0.054, ""cumulative_error"": 0.3367}","{""detector"": ""ADWIN"", ""delta"": 0.002, ""n_seen"": 70272, ""n_drifts"": 85, ""window_size"": 64.0, ""estimation"": 0.40625}"
86,drift,ADWIN,70431,2026-09-08T09:15:59,baseline_v1,80.0,"{""rolling_error_500"": 0.336, ""cumulative_error"": 0.3379}","{""detector"": ""ADWIN"", ""delta"": 0.002, ""n_seen"": 70432, ""n_drifts"": 86, ""window_size"": 80.0, ""estimation"": 0.775}"
87,drift,ADWIN,71295,2026-09-08T09:15:59,baseline_v1,64.0,"{""rolling_error_500"": 0.086, ""cumulative_error"": 0.3345}","{""detector"": ""ADWIN"", ""delta"": 0.002, ""n_seen"": 71296, ""n_drifts"": 87, ""window_size"": 64.0, ""estimation"": 0.65625}"
88,drift,ADWIN,73055,2026-09-08T09:16:00,baseline_v1,1248.0,"{""rolling_error_500"": 0.982, ""cumulative_error"": 0.3504}","{""detector"": ""ADWIN"", ""delta"": 0.002, ""n_seen"": 73056, ""n_drifts"": 88, ""window_size"": 1248.0, ""estimation"": 0.9927884615384616}"
89,drift,ADWIN,78399,2026-09-08T09:16:01,baseline_v1,80.0,"{""rolling_error_500"": 0.938, ""cumulative_error"": 0.3943}","{""detector"": ""ADWIN"", ""delta"": 0.002, ""n_seen"": 78400, ""n_drifts"": 89, ""window_size"": 80.0, ""estimation"": 0.6125}"
90,drift,ADWIN,79295,2026-09-08T09:16:02,baseline_v1,56.0,"{""rolling_error_500"": 0.944, ""cumulative_error"": 0.4008}","{""detector"": ""ADWIN"", ""delta"": 0.002, ""n_seen"": 79296, ""n_drifts"": 90, ""window_size"": 56.0, ""estimation"": 0.5}"
91,drift,ADWIN,80191,2026-09-08T09:16:02,baseline_v1,64.0,"{""rolling_error_500"": 0.07, ""cumulative_error"": 0.3968}","{""detector"": ""ADWIN"", ""delta"": 0.002, ""n_seen"": 80192, ""n_drifts"": 91, ""window_size"": 64.0, ""estimation"": 0.546875}"
92,drift,ADWIN,80639,2026-09-08T09:16:02,baseline_v1,64.0,"{""rolling_error_500"": 0.852, ""cumulative_error"": 0.3994}","{""detector"": ""ADWIN"", ""delta"": 0.002, ""n_seen"": 80640, ""n_drifts"": 92, ""window_size"": 64.0, ""estimation"": 0.34375}"
93,drift,ADWIN,82847,2026-09-08T09:16:03,baseline_v1,56.0,"{""rolling_error_500"": 0.058, ""cumulative_error"": 0.3891}","{""detector"": ""ADWIN"", ""delta"": 0.002, ""n_seen"": 82848, ""n_drifts"": 93, ""window_size"": 56.0, ""estimation"": 0.5178571428571429}"
94,drift,ADWIN,86975,2026-09-08T09:16:04,baseline_v1,112.0,"{""rolling_error_500"": 0.968, ""cumulative_error"": 0.418}","{""detector"": ""ADWIN"", ""delta"": 0.002, ""n_seen"": 86976, ""n_drifts"": 94, ""window_size"": 112.0, ""estimation"": 0.8571428571428571}"
95,drift,ADWIN,87295,2026-09-08T09:16:04,baseline_v1,64.0,"{""rolling_error_500"": 0.406, ""cumulative_error"": 0.4169}","{""detector"": ""ADWIN"", ""delta"": 0.002, ""n_seen"": 87296, ""n_drifts"": 95, ""window_size"": 64.0, ""estimation"": 0.59375}"
96,drift,ADWIN,87391,2026-09-08T09:16:04,baseline_v1,80.0,"{""rolling_error_500"": 0.352, ""cumulative_error"": 0.4172}","{""detector"": ""ADWIN"", ""delta"": 0.002, ""n_seen"": 87392, ""n_drifts"": 96, ""window_size"": 80.0, ""estimation"": 0.8625}"
97,drift,ADWIN,87583,2026-09-08T09:16:04,baseline_v1,64.0,"{""rolling_error_500"": 0.304, ""cumulative_error"": 0.4168}","{""detector"": ""ADWIN"", ""delta"": 0.002, ""n_seen"": 87584, ""n_drifts"": 97, ""window_size"": 64.0, ""estimation"": 0.53125}"
98,drift,ADWIN,88767,2026-09-08T09:16:04,baseline_v1,64.0,"{""rolling_error_500"": 0.932, ""cumulative_error"": 0.4242}","{""detector"": ""ADWIN"", ""delta"": 0.002, ""n_seen"": 88768, ""n_drifts"": 98, ""window_size"": 64.0, ""estimation"": 0.46875}"
99,drift,ADWIN,91135,2026-09-08T09:16:05,baseline_v1,64.0,"{""rolling_error_500"": 0.072, ""cumulative_error"": 0.4136}","{""detector"": ""ADWIN"", ""delta"": 0.002, ""n_seen"": 91136, ""n_drifts"": 99, ""window_size"": 64.0, ""estimation"": 0.5625}"
100,drift,ADWIN,92703,2026-09-08T09:16:05,baseline_v1,160.0,"{""rolling_error_500"": 0.97, ""cumulative_error"": 0.4233}","{""detector"": ""ADWIN"", ""delta"": 0.002, ""n_seen"": 92704, ""n_drifts"": 100, ""window_size"": 160.0, ""estimation"": 0.90625}"
101,drift,ADWIN,97727,2026-09-08T09:16:07,baseline_v1,96.0,"{""rolling_error_500"": 0.966, ""cumulative_error"": 0.4528}","{""detector"": ""ADWIN"", ""delta"": 0.002, ""n_seen"": 97728, ""n_drifts"": 101, ""window_size"": 96.0, ""estimation"": 0.8229166666666666}"
102,drift,ADWIN,97823,2026-09-08T09:16:07,baseline_v1,80.0,"{""rolling_error_500"": 0.9, ""cumulative_error"": 0.453}","{""detector"": ""ADWIN"", ""delta"": 0.002, ""n_seen"": 97824, ""n_drifts"": 102, ""window_size"": 80.0, ""estimation"": 0.7625}"
103,drift,ADWIN,98079,2026-09-08T09:16:07,baseline_v1,56.0,"{""rolling_error_500"": 0.82, ""cumulative_error"": 0.454}","{""detector"": ""ADWIN"", ""delta"": 0.002, ""n_seen"": 98080, ""n_drifts"": 103, ""window_size"": 56.0, ""estimation"": 0.2857142857142857}"
104,drift,ADWIN,98495,2026-09-08T09:16:07,baseline_v1,192.0,"{""rolling_error_500"": 0.118, ""cumulative_error"": 0.4522}","{""detector"": ""ADWIN"", ""delta"": 0.002, ""n_seen"": 98496, ""n_drifts"": 104, ""window_size"": 192.0, ""estimation"": 0.07291666666666667}"
105,drift,ADWIN,100543,2026-09-08T09:16:08,baseline_v1,192.0,"{""rolling_error_500"": 0.964, ""cumulative_error"": 0.4632}","{""detector"": ""ADWIN"", ""delta"": 0.002, ""n_seen"": 100544, ""n_drifts"": 105, ""window_size"": 192.0, ""estimation"": 0.90625}"
106,drift,ADWIN,100639,2026-09-08T09:16:08,baseline_v1,64.0,"{""rolling_error_500"": 0.882, ""cumulative_error"": 0.4633}","{""detector"": ""ADWIN"", ""delta"": 0.002, ""n_seen"": 100640, ""n_drifts"": 106, ""window_size"": 64.0, ""estimation"": 0.84375}"
107,drift,ADWIN,102943,2026-09-08T09:16:08,baseline_v1,56.0,"{""rolling_error_500"": 0.934, ""cumulative_error"": 0.475}","{""detector"": ""ADWIN"", ""delta"": 0.002, ""n_seen"": 102944, ""n_drifts"": 107, ""window_size"": 56.0, ""estimation"": 0.4107142857142857}"
108,drift,ADWIN,105023,2026-09-08T09:16:09,baseline_v1,56.0,"{""rolling_error_500"": 0.062, ""cumulative_error"": 0.4659}","{""detector"": ""ADWIN"", ""delta"": 0.002, ""n_seen"": 105024, ""n_drifts"": 108, ""window_size"": 56.0, ""estimation"": 0.5535714285714286}"
109,drift,ADWIN,107327,2026-09-08T09:16:10,baseline_v1,112.0,"{""rolling_error_500"": 0.968, ""cumulative_error"": 0.4772}","{""detector"": ""ADWIN"", ""delta"": 0.002, ""n_seen"": 107328, ""n_drifts"": 109, ""window_size"": 112.0, ""estimation"": 0.8571428571428571}"
110,drift,ADWIN,108863,2026-09-08T09:16:10,baseline_v1,56.0,"{""rolling_error_500"": 0.06, ""cumulative_error"": 0.4708}","{""detector"": ""ADWIN"", ""delta"": 0.002, ""n_seen"": 108864, ""n_drifts"": 110, ""window_size"": 56.0, ""estimation"": 0.5178571428571429}"
111,drift,ADWIN,109663,2026-09-08T09:16:10,baseline_v1,56.0,"{""rolling_error_500"": 0.068, ""cumulative_error"": 0.4677}","{""detector"": ""ADWIN"", ""delta"": 0.002, ""n_seen"": 109664, ""n_drifts"": 111, ""window_size"": 56.0, ""estimation"": 0.5892857142857143}"
112,drift,ADWIN,111199,2026-09-08T09:16:11,baseline_v1,128.0,"{""rolling_error_500"": 0.952, ""cumulative_error"": 0.4749}","{""detector"": ""ADWIN"", ""delta"": 0.002, ""n_seen"": 111200, ""n_drifts"": 112, ""window_size"": 128.0, ""estimation"": 0.8125}"
113,drift,ADWIN,116383,2026-09-08T09:16:12,baseline_v1,96.0,"{""rolling_error_500"": 0.966, ""cumulative_error"": 0.4981}","{""detector"": ""ADWIN"", ""delta"": 0.002, ""n_seen"": 116384, ""n_drifts"": 113, ""window_size"": 96.0, ""estimation"": 0.8229166666666666}"
114,drift,ADWIN,117439,2026-09-08T09:16:13,baseline_v1,64.0,"{""rolling_error_500"": 0.054, ""cumulative_error"": 0.4939}","{""detector"": ""ADWIN"", ""delta"": 0.002, ""n_seen"": 117440, ""n_drifts"": 114, ""window_size"": 64.0, ""estimation"": 0.40625}"
115,drift,ADWIN,117951,2026-09-08T09:16:13,baseline_v1,128.0,"{""rolling_error_500"": 0.972, ""cumulative_error"": 0.4959}","{""detector"": ""ADWIN"", ""delta"": 0.002, ""n_seen"": 117952, ""n_drifts"": 115, ""window_size"": 128.0, ""estimation"": 0.890625}"
116,drift,ADWIN,118239,2026-09-08T09:16:13,baseline_v1,64.0,"{""rolling_error_500"": 0.46, ""cumulative_error"": 0.495}","{""detector"": ""ADWIN"", ""delta"": 0.002, ""n_seen"": 118240, ""n_drifts"": 116, ""window_size"": 64.0, ""estimation"": 0.5}"
117,drift,ADWIN,118367,2026-09-08T09:16:13,baseline_v1,56.0,"{""rolling_error_500"": 0.346, ""cumulative_error"": 0.4951}","{""detector"": ""ADWIN"", ""delta"": 0.002, ""n_seen"": 118368, ""n_drifts"": 117, ""window_size"": 56.0, ""estimation"": 0.2857142857142857}"
118,drift,ADWIN,118495,2026-09-08T09:16:13,baseline_v1,64.0,"{""rolling_error_500"": 0.28, ""cumulative_error"": 0.4948}","{""detector"": ""ADWIN"", ""delta"": 0.002, ""n_seen"": 118496, ""n_drifts"": 118, ""window_size"": 64.0, ""estimation"": 0.578125}"
119,drift,ADWIN,119871,2026-09-08T09:16:13,baseline_v1,96.0,"{""rolling_error_500"": 0.958, ""cumulative_error"": 0.5005}","{""detector"": ""ADWIN"", ""delta"": 0.002, ""n_seen"": 119872, ""n_drifts"": 119, ""window_size"": 96.0, ""estimation"": 0.78125}"
120,drift,ADWIN,124863,2026-09-08T09:16:15,baseline_v1,80.0,"{""rolling_error_500"": 0.96, ""cumulative_error"": 0.5203}","{""detector"": ""ADWIN"", ""delta"": 0.002, ""n_seen"": 124864, ""n_drifts"": 120, ""window_size"": 80.0, ""estimation"": 0.75}"
121,drift,ADWIN,126239,2026-09-08T09:16:15,baseline_v1,64.0,"{""rolling_error_500"": 0.046, ""cumulative_error"": 0.5148}","{""detector"": ""ADWIN"", ""delta"": 0.002, ""n_seen"": 126240, ""n_drifts"": 121, ""window_size"": 64.0, ""estimation"": 0.359375}"
122,drift,ADWIN,126399,2026-09-08T09:16:15,baseline_v1,64.0,"{""rolling_error_500"": 0.274, ""cumulative_error"": 0.515}","{""detector"": ""ADWIN"", ""delta"": 0.002, ""n_seen"": 126400, ""n_drifts"": 122, ""window_size"": 64.0, ""estimation"": 0.28125}"
123,drift,ADWIN,126559,2026-09-08T09:16:15,baseline_v1,96.0,"{""rolling_error_500"": 0.382, ""cumulative_error"": 0.5148}","{""detector"": ""ADWIN"", ""delta"": 0.002, ""n_seen"": 126560, ""n_drifts"": 123, ""window_size"": 96.0, ""estimation"": 0.20833333333333334}"
124,drift,ADWIN,127071,2026-09-08T09:16:15,baseline_v1,56.0,"{""rolling_error_500"": 0.068, ""cumulative_error"": 0.513}","{""detector"": ""ADWIN"", ""delta"": 0.002, ""n_seen"": 127072, ""n_drifts"": 124, ""window_size"": 56.0, ""estimation"": 0.5892857142857143}"
125,drift,ADWIN,133471,2026-09-08T09:16:17,baseline_v1,112.0,"{""rolling_error_500"": 0.968, ""cumulative_error"": 0.5362}","{""detector"": ""ADWIN"", ""delta"": 0.002, ""n_seen"": 133472, ""n_drifts"": 125, ""window_size"": 112.0, ""estimation"": 0.8571428571428571}"
126,drift,ADWIN,134559,2026-09-08T09:16:17,baseline_v1,56.0,"{""rolling_error_500"": 0.056, ""cumulative_error"": 0.5321}","{""detector"": ""ADWIN"", ""delta"": 0.002, ""n_seen"": 134560, ""n_drifts"": 126, ""window_size"": 56.0, ""estimation"": 0.5}"
127,drift,ADWIN,134687,2026-09-08T09:16:17,baseline_v1,112.0,"{""rolling_error_500"": 0.098, ""cumulative_error"": 0.5317}","{""detector"": ""ADWIN"", ""delta"": 0.002, ""n_seen"": 134688, ""n_drifts"": 127, ""window_size"": 112.0, ""estimation"": 0.14285714285714285}"
128,drift,ADWIN,134751,2026-09-08T09:16:17,baseline_v1,56.0,"{""rolling_error_500"": 0.162, ""cumulative_error"": 0.5317}","{""detector"": ""ADWIN"", ""delta"": 0.002, ""n_seen"": 134752, ""n_drifts"": 128, ""window_size"": 56.0, ""estimation"": 0.5714285714285714}"
129,drift,ADWIN,135007,2026-09-08T09:16:18,baseline_v1,64.0,"{""rolling_error_500"": 0.602, ""cumulative_error"": 0.5323}","{""detector"": ""ADWIN"", ""delta"": 0.002, ""n_seen"": 135008, ""n_drifts"": 129, ""window_size"": 64.0, ""estimation"": 0.4375}"
130,drift,ADWIN,135519,2026-09-08T09:16:18,baseline_v1,64.0,"{""rolling_error_500"": 0.084, ""cumulative_error"": 0.5306}","{""detector"": ""ADWIN"", ""delta"": 0.002, ""n_seen"": 135520, ""n_drifts"": 130, ""window_size"": 64.0, ""estimation"": 0.640625}"
131,drift,ADWIN,136863,2026-09-08T09:16:18,baseline_v1,704.0,"{""rolling_error_500"": 0.98, ""cumulative_error"": 0.5352}","{""detector"": ""ADWIN"", ""delta"": 0.002, ""n_seen"": 136864, ""n_drifts"": 131, ""window_size"": 704.0, ""estimation"": 0.9857954545454546}"
132,drift,ADWIN,142815,2026-09-08T09:16:20,baseline_v1,384.0,"{""rolling_error_500"": 0.978, ""cumulative_error"": 0.5545}","{""detector"": ""ADWIN"", ""delta"": 0.002, ""n_seen"": 142816, ""n_drifts"": 132, ""window_size"": 384.0, ""estimation"": 0.9713541666666666}"
133,drift,ADWIN,144479,2026-09-08T09:16:20,baseline_v1,64.0,"{""rolling_error_500"": 0.924, ""cumulative_error"": 0.5593}","{""detector"": ""ADWIN"", ""delta"": 0.002, ""n_seen"": 144480, ""n_drifts"": 133, ""window_size"": 64.0, ""estimation"": 0.40625}"
134,drift,ADWIN,146303,2026-09-08T09:16:21,baseline_v1,64.0,"{""rolling_error_500"": 0.08, ""cumulative_error"": 0.5527}","{""detector"": ""ADWIN"", ""delta"": 0.002, ""n_seen"": 146304, ""n_drifts"": 134, ""window_size"": 64.0, ""estimation"": 0.625}"
135,drift,ADWIN,147199,2026-09-08T09:16:21,baseline_v1,56.0,"{""rolling_error_500"": 0.95, ""cumulative_error"": 0.5552}","{""detector"": ""ADWIN"", ""delta"": 0.002, ""n_seen"": 147200, ""n_drifts"": 135, ""window_size"": 56.0, ""estimation"": 0.5714285714285714}"
136,drift,ADWIN,147647,2026-09-08T09:16:21,baseline_v1,80.0,"{""rolling_error_500"": 0.1, ""cumulative_error"": 0.5537}","{""detector"": ""ADWIN"", ""delta"": 0.002, ""n_seen"": 147648, ""n_drifts"": 136, ""window_size"": 80.0, ""estimation"": 0.225}"
137,drift,ADWIN,148607,2026-09-08T09:16:21,baseline_v1,384.0,"{""rolling_error_500"": 0.978, ""cumulative_error"": 0.5565}","{""detector"": ""ADWIN"", ""delta"": 0.002, ""n_seen"": 148608, ""n_drifts"": 137, ""window_size"": 384.0, ""estimation"": 0.9713541666666666}"
138,drift,ADWIN,148703,2026-09-08T09:16:21,baseline_v1,80.0,"{""rolling_error_500"": 0.848, ""cumulative_error"": 0.5563}","{""detector"": ""ADWIN"", ""delta"": 0.002, ""n_seen"": 148704, ""n_drifts"": 138, ""window_size"": 80.0, ""estimation"": 0.3875}"
139,drift,ADWIN,148895,2026-09-08T09:16:22,baseline_v1,64.0,"{""rolling_error_500"": 0.594, ""cumulative_error"": 0.5561}","{""detector"": ""ADWIN"", ""delta"": 0.002, ""n_seen"": 148896, ""n_drifts"": 139, ""window_size"": 64.0, ""estimation"": 0.703125}"
140,drift,ADWIN,150143,2026-09-08T09:16:22,baseline_v1,736.0,"{""rolling_error_500"": 0.98, ""cumulative_error"": 0.5597}","{""detector"": ""ADWIN"", ""delta"": 0.002, ""n_seen"": 150144, ""n_drifts"": 140, ""window_size"": 736.0, ""estimation"": 0.9850543478260869}"
141,drift,ADWIN,152223,2026-09-08T09:16:22,baseline_v1,64.0,"{""rolling_error_500"": 0.076, ""cumulative_error"": 0.5523}","{""detector"": ""ADWIN"", ""delta"": 0.002, ""n_seen"": 152224, ""n_drifts"": 141, ""window_size"": 64.0, ""estimation"": 0.578125}"
142,drift,ADWIN,156863,2026-09-08T09:16:24,baseline_v1,80.0,"{""rolling_error_500"": 0.96, ""cumulative_error"": 0.5654}","{""detector"": ""ADWIN"", ""delta"": 0.002, ""n_seen"": 156864, ""n_drifts"": 142, ""window_size"": 80.0, ""estimation"": 0.75}"
143,drift,ADWIN,157215,2026-09-08T09:16:24,baseline_v1,288.0,"{""rolling_error_500"": 0.284, ""cumulative_error"": 0.5642}","{""detector"": ""ADWIN"", ""delta"": 0.002, ""n_seen"": 157216, ""n_drifts"": 143, ""window_size"": 288.0, ""estimation"": 0.04861111111111111}"
144,drift,ADWIN,157407,2026-09-08T09:16:24,baseline_v1,96.0,"{""rolling_error_500"": 0.064, ""cumulative_error"": 0.5637}","{""detector"": ""ADWIN"", ""delta"": 0.002, ""n_seen"": 157408, ""n_drifts"": 144, ""window_size"": 96.0, ""estimation"": 0.16666666666666666}"
145,drift,ADWIN,158527,2026-09-08T09:16:24,baseline_v1,64.0,"{""rolling_error_500"": 0.928, ""cumulative_error"": 0.5665}","{""detector"": ""ADWIN"", ""delta"": 0.002, ""n_seen"": 158528, ""n_drifts"": 145, ""window_size"": 64.0, ""estimation"": 0.4375}"
146,drift,ADWIN,160703,2026-09-08T09:16:25,baseline_v1,256.0,"{""rolling_error_500"": 0.024, ""cumulative_error"": 0.5589}","{""detector"": ""ADWIN"", ""delta"": 0.002, ""n_seen"": 160704, ""n_drifts"": 146, ""window_size"": 256.0, ""estimation"": 0.046875}"
147,drift,ADWIN,162175,2026-09-08T09:16:25,baseline_v1,160.0,"{""rolling_error_500"": 0.972, ""cumulative_error"": 0.5628}","{""detector"": ""ADWIN"", ""delta"": 0.002, ""n_seen"": 162176, ""n_drifts"": 147, ""window_size"": 160.0, ""estimation"": 0.9125}"
148,drift,ADWIN,165663,2026-09-08T09:16:26,baseline_v1,112.0,"{""rolling_error_500"": 0.966, ""cumulative_error"": 0.5719}","{""detector"": ""ADWIN"", ""delta"": 0.002, ""n_seen"": 165664, ""n_drifts"": 148, ""window_size"": 112.0, ""estimation"": 0.8660714285714286}"
149,drift,ADWIN,165951,2026-09-08T09:16:26,baseline_v1,64.0,"{""rolling_error_500"": 0.45, ""cumulative_error"": 0.5711}","{""detector"": ""ADWIN"", ""delta"": 0.002, ""n_seen"": 165952, ""n_drifts"": 149, ""window_size"": 64.0, ""estimation"": 0.359375}"
150,drift,ADWIN,166111,2026-09-08T09:16:26,baseline_v1,64.0,"{""rolling_error_500"": 0.364, ""cumulative_error"": 0.5713}","{""detector"": ""ADWIN"", ""delta"": 0.002, ""n_seen"": 166112, ""n_drifts"": 150, ""window_size"": 64.0, ""estimation"": 0.328125}"
151,drift,ADWIN,166271,2026-09-08T09:16:27,baseline_v1,128.0,"{""rolling_error_500"": 0.53, ""cumulative_error"": 0.5714}","{""detector"": ""ADWIN"", ""delta"": 0.002, ""n_seen"": 166272, ""n_drifts"": 151, ""window_size"": 128.0, ""estimation"": 0.890625}"
152,drift,ADWIN,167359,2026-09-08T09:16:27,baseline_v1,64.0,"{""rolling_error_500"": 0.922, ""cumulative_error"": 0.574}","{""detector"": ""ADWIN"", ""delta"": 0.002, ""n_seen"": 167360, ""n_drifts"": 152, ""window_size"": 64.0, ""estimation"": 0.421875}"
153,drift,ADWIN,169567,2026-09-08T09:16:27,baseline_v1,256.0,"{""rolling_error_500"": 0.026, ""cumulative_error"": 0.5666}","{""detector"": ""ADWIN"", ""delta"": 0.002, ""n_seen"": 169568, ""n_drifts"": 153, ""window_size"": 256.0, ""estimation"": 0.046875}"
154,drift,ADWIN,171039,2026-09-08T09:16:28,baseline_v1,112.0,"{""rolling_error_500"": 0.97, ""cumulative_error"": 0.5703}","{""detector"": ""ADWIN"", ""delta"": 0.002, ""n_seen"": 171040, ""n_drifts"": 154, ""window_size"": 112.0, ""estimation"": 0.8660714285714286}"
155,drift,ADWIN,171327,2026-09-08T09:16:28,baseline_v1,256.0,"{""rolling_error_500"": 0.944, ""cumulative_error"": 0.5709}","{""detector"": ""ADWIN"", ""delta"": 0.002, ""n_seen"": 171328, ""n_drifts"": 155, ""window_size"": 256.0, ""estimation"": 1.0}"
156,drift,ADWIN,174623,2026-09-08T09:16:29,baseline_v1,64.0,"{""rolling_error_500"": 0.94, ""cumulative_error"": 0.5788}","{""detector"": ""ADWIN"", ""delta"": 0.002, ""n_seen"": 174624, ""n_drifts"": 156, ""window_size"": 64.0, ""estimation"": 0.53125}"
157,drift,ADWIN,174911,2026-09-08T09:16:29,baseline_v1,56.0,"{""rolling_error_500"": 0.428, ""cumulative_error"": 0.5781}","{""detector"": ""ADWIN"", ""delta"": 0.002, ""n_seen"": 174912, ""n_drifts"": 157, ""window_size"": 56.0, ""estimation"": 0.5535714285714286}"
158,drift,ADWIN,175039,2026-09-08T09:16:29,baseline_v1,96.0,"{""rolling_error_500"": 0.396, ""cumulative_error"": 0.5783}","{""detector"": ""ADWIN"", ""delta"": 0.002, ""n_seen"": 175040, ""n_drifts"": 158, ""window_size"": 96.0, ""estimation"": 0.8333333333333334}"
159,drift,ADWIN,175135,2026-09-08T09:16:29,baseline_v1,80.0,"{""rolling_error_500"": 0.352, ""cumulative_error"": 0.5781}","{""detector"": ""ADWIN"", ""delta"": 0.002, ""n_seen"": 175136, ""n_drifts"": 159, ""window_size"": 80.0, ""estimation"": 0.4}"
160,drift,ADWIN,175231,2026-09-08T09:16:29,baseline_v1,80.0,"{""rolling_error_500"": 0.486, ""cumulative_error"": 0.5782}","{""detector"": ""ADWIN"", ""delta"": 0.002, ""n_seen"": 175232, ""n_drifts"": 160, ""window_size"": 80.0, ""estimation"": 0.8375}"
161,drift,ADWIN,176351,2026-09-08T09:16:29,baseline_v1,56.0,"{""rolling_error_500"": 0.92, ""cumulative_error"": 0.5806}","{""detector"": ""ADWIN"", ""delta"": 0.002, ""n_seen"": 176352, ""n_drifts"": 161, ""window_size"": 56.0, ""estimation"": 0.2857142857142857}"
162,drift,ADWIN,178623,2026-09-08T09:16:30,baseline_v1,96.0,"{""rolling_error_500"": 0.036, ""cumulative_error"": 0.5734}","{""detector"": ""ADWIN"", ""delta"": 0.002, ""n_seen"": 178624, ""n_drifts"": 162, ""window_size"": 96.0, ""estimation"": 0.17708333333333334}"
163,drift,ADWIN,180159,2026-09-08T09:16:31,baseline_v1,160.0,"{""rolling_error_500"": 0.968, ""cumulative_error"": 0.5769}","{""detector"": ""ADWIN"", ""delta"": 0.002, ""n_seen"": 180160, ""n_drifts"": 163, ""window_size"": 160.0, ""estimation"": 0.9}"
164,drift,ADWIN,183231,2026-09-08T09:16:31,baseline_v1,64.0,"{""rolling_error_500"": 0.928, ""cumulative_error"": 0.5838}","{""detector"": ""ADWIN"", ""delta"": 0.002, ""n_seen"": 183232, ""n_drifts"": 164, ""window_size"": 64.0, ""estimation"": 0.4375}"
165,drift,ADWIN,183743,2026-09-08T09:16:32,baseline_v1,96.0,"{""rolling_error_500"": 0.038, ""cumulative_error"": 0.5823}","{""detector"": ""ADWIN"", ""delta"": 0.002, ""n_seen"": 183744, ""n_drifts"": 165, ""window_size"": 96.0, ""estimation"": 0.17708333333333334}"
166,drift,ADWIN,184031,2026-09-08T09:16:32,baseline_v1,64.0,"{""rolling_error_500"": 0.536, ""cumulative_error"": 0.5827}","{""detector"": ""ADWIN"", ""delta"": 0.002, ""n_seen"": 184032, ""n_drifts"": 166, ""window_size"": 64.0, ""estimation"": 0.40625}"
167,drift,ADWIN,185343,2026-09-08T09:16:32,baseline_v1,96.0,"{""rolling_error_500"": 0.044, ""cumulative_error"": 0.5787}","{""detector"": ""ADWIN"", ""delta"": 0.002, ""n_seen"": 185344, ""n_drifts"": 167, ""window_size"": 96.0, ""estimation"": 0.17708333333333334}"
168,drift,ADWIN,190143,2026-09-08T09:16:33,baseline_v1,256.0,"{""rolling_error_500"": 0.976, ""cumulative_error"": 0.5893}","{""detector"": ""ADWIN"", ""delta"": 0.002, ""n_seen"": 190144, ""n_drifts"": 168, ""window_size"": 256.0, ""estimation"": 0.953125}"
169,drift,ADWIN,190431,2026-09-08T09:16:33,baseline_v1,64.0,"{""rolling_error_500"": 0.468, ""cumulative_error"": 0.5886}","{""detector"": ""ADWIN"", ""delta"": 0.002, ""n_seen"": 190432, ""n_drifts"": 169, ""window_size"": 64.0, ""estimation"": 0.53125}"
170,drift,ADWIN,190559,2026-09-08T09:16:34,baseline_v1,64.0,"{""rolling_error_500"": 0.4, ""cumulative_error"": 0.5886}","{""detector"": ""ADWIN"", ""delta"": 0.002, ""n_seen"": 190560, ""n_drifts"": 170, ""window_size"": 64.0, ""estimation"": 0.5}"
171,drift,ADWIN,190687,2026-09-08T09:16:34,baseline_v1,64.0,"{""rolling_error_500"": 0.306, ""cumulative_error"": 0.5884}","{""detector"": ""ADWIN"", ""delta"": 0.002, ""n_seen"": 190688, ""n_drifts"": 171, ""window_size"": 64.0, ""estimation"": 0.390625}"
172,drift,ADWIN,191807,2026-09-08T09:16:34,baseline_v1,96.0,"{""rolling_error_500"": 0.948, ""cumulative_error"": 0.5906}","{""detector"": ""ADWIN"", ""delta"": 0.002, ""n_seen"": 191808, ""n_drifts"": 172, ""window_size"": 96.0, ""estimation"": 0.7291666666666666}"
173,drift,ADWIN,191903,2026-09-08T09:16:34,baseline_v1,64.0,"{""rolling_error_500"": 0.896, ""cumulative_error"": 0.5907}","{""detector"": ""ADWIN"", ""delta"": 0.002, ""n_seen"": 191904, ""n_drifts"": 173, ""window_size"": 64.0, ""estimation"": 0.59375}"
174,drift,ADWIN,192063,2026-09-08T09:16:34,baseline_v1,64.0,"{""rolling_error_500"": 0.652, ""cumulative_error"": 0.5904}","{""detector"": ""ADWIN"", ""delta"": 0.002, ""n_seen"": 192064, ""n_drifts"": 174, ""window_size"": 64.0, ""estimation"": 0.578125}"
175,drift,ADWIN,192351,2026-09-08T09:16:34,baseline_v1,56.0,"{""rolling_error_500"": 0.636, ""cumulative_error"": 0.5909}","{""detector"": ""ADWIN"", ""delta"": 0.002, ""n_seen"": 192352, ""n_drifts"": 175, ""window_size"": 56.0, ""estimation"": 0.44642857142857145}"
176,drift,ADWIN,192927,2026-09-08T09:16:34,baseline_v1,96.0,"{""rolling_error_500"": 0.034, ""cumulative_error"": 0.5892}","{""detector"": ""ADWIN"", ""delta"": 0.002, ""n_seen"": 192928, ""n_drifts"": 176, ""window_size"": 96.0, ""estimation"": 0.16666666666666666}"
177,drift,ADWIN,194111,2026-09-08T09:16:35,baseline_v1,64.0,"{""rolling_error_500"": 0.96, ""cumulative_error"": 0.5916}","{""detector"": ""ADWIN"", ""delta"": 0.002, ""n_seen"": 194112, ""n_drifts"": 177, ""window_size"": 64.0, ""estimation"": 0.6875}"
178,drift,ADWIN,196479,2026-09-08T09:16:35,baseline_v1,56.0,"{""rolling_error_500"": 0.058, ""cumulative_error"": 0.5847}","{""detector"": ""ADWIN"", ""delta"": 0.002, ""n_seen"": 196480, ""n_drifts"": 178, ""window_size"": 56.0, ""estimation"": 0.5}"
179,drift,ADWIN,198047,2026-09-08T09:16:36,baseline_v1,192.0,"{""rolling_error_500"": 0.972, ""cumulative_error"": 0.5879}","{""detector"": ""ADWIN"", ""delta"": 0.002, ""n_seen"": 198048, ""n_drifts"": 179, ""window_size"": 192.0, ""estimation"": 0.9270833333333334}"
180,drift,ADWIN,201887,2026-09-08T09:16:37,baseline_v1,64.0,"{""rolling_error_500"": 0.942, ""cumulative_error"": 0.5956}","{""detector"": ""ADWIN"", ""delta"": 0.002, ""n_seen"": 201888, ""n_drifts"": 180, ""window_size"": 64.0, ""estimation"": 0.609375}"
181,drift,ADWIN,201983,2026-09-08T09:16:37,baseline_v1,80.0,"{""rolling_error_500"": 0.856, ""cumulative_error"": 0.5955}","{""detector"": ""ADWIN"", ""delta"": 0.002, ""n_seen"": 201984, ""n_drifts"": 181, ""window_size"": 80.0, ""estimation"": 0.6}"
182,drift,ADWIN,203391,2026-09-08T09:16:37,baseline_v1,896.0,"{""rolling_error_500"": 0.976, ""cumulative_error"": 0.5982}","{""detector"": ""ADWIN"", ""delta"": 0.002, ""n_seen"": 203392, ""n_drifts"": 182, ""window_size"": 896.0, ""estimation"": 0.9854910714285714}"
183,drift,ADWIN,205631,2026-09-08T09:16:38,baseline_v1,64.0,"{""rolling_error_500"": 0.09, ""cumulative_error"": 0.5921}","{""detector"": ""ADWIN"", ""delta"": 0.002, ""n_seen"": 205632, ""n_drifts"": 183, ""window_size"": 64.0, ""estimation"": 0.578125}"
184,drift,ADWIN,207103,2026-09-08T09:16:38,baseline_v1,1216.0,"{""rolling_error_500"": 0.982, ""cumulative_error"": 0.5949}","{""detector"": ""ADWIN"", ""delta"": 0.002, ""n_seen"": 207104, ""n_drifts"": 184, ""window_size"": 1216.0, ""estimation"": 0.9925986842105263}"
185,drift,ADWIN,210047,2026-09-08T09:16:39,baseline_v1,56.0,"{""rolling_error_500"": 0.942, ""cumulative_error"": 0.6005}","{""detector"": ""ADWIN"", ""delta"": 0.002, ""n_seen"": 210048, ""n_drifts"": 185, ""window_size"": 56.0, ""estimation"": 0.48214285714285715}"
186,drift,ADWIN,211455,2026-09-08T09:16:40,baseline_v1,64.0,"{""rolling_error_500"": 0.078, ""cumulative_error"": 0.5966}","{""detector"": ""ADWIN"", ""delta"": 0.002, ""n_seen"": 211456, ""n_drifts"": 186, ""window_size"": 64.0, ""estimation"": 0.609375}"
187,drift,ADWIN,212127,2026-09-08T09:16:40,baseline_v1,416.0,"{""rolling_error_500"": 0.976, ""cumulative_error"": 0.5979}","{""detector"": ""ADWIN"", ""delta"": 0.002, ""n_seen"": 212128, ""n_drifts"": 187, ""window_size"": 416.0, ""estimation"": 0.9711538461538461}"
188,drift,ADWIN,212479,2026-09-08T09:16:40,baseline_v1,192.0,"{""rolling_error_500"": 0.3, ""cumulative_error"": 0.5969}","{""detector"": ""ADWIN"", ""delta"": 0.002, ""n_seen"": 212480, ""n_drifts"": 188, ""window_size"": 192.0, ""estimation"": 0.06770833333333333}"
189,drift,ADWIN,212671,2026-09-08T09:16:40,baseline_v1,56.0,"{""rolling_error_500"": 0.29, ""cumulative_error"": 0.597}","{""detector"": ""ADWIN"", ""delta"": 0.002, ""n_seen"": 212672, ""n_drifts"": 189, ""window_size"": 56.0, ""estimation"": 0.4107142857142857}"
190,drift,ADWIN,215647,2026-09-08T09:16:41,baseline_v1,64.0,"{""rolling_error_500"": 0.072, ""cumulative_error"": 0.589}","{""detector"": ""ADWIN"", ""delta"": 0.002, ""n_seen"": 215648, ""n_drifts"": 190, ""window_size"": 64.0, ""estimation"": 0.5625}"
191,drift,ADWIN,217471,2026-09-08T09:16:41,baseline_v1,96.0,"{""rolling_error_500"": 0.964, ""cumulative_error"": 0.5924}","{""detector"": ""ADWIN"", ""delta"": 0.002, ""n_seen"": 217472, ""n_drifts"": 191, ""window_size"": 96.0, ""estimation"": 0.8125}"
192,drift,ADWIN,217599,2026-09-08T09:16:41,baseline_v1,112.0,"{""rolling_error_500"": 0.926, ""cumulative_error"": 0.5925}","{""detector"": ""ADWIN"", ""delta"": 0.002, ""n_seen"": 217600, ""n_drifts"": 192, ""window_size"": 112.0, ""estimation"": 0.9732142857142857}"
193,drift,ADWIN,221823,2026-09-08T09:16:43,baseline_v1,64.0,"{""rolling_error_500"": 0.92, ""cumulative_error"": 0.6001}","{""detector"": ""ADWIN"", ""delta"": 0.002, ""n_seen"": 221824, ""n_drifts"": 193, ""window_size"": 64.0, ""estimation"": 0.375}"
194,drift,ADWIN,222111,2026-09-08T09:16:43,baseline_v1,80.0,"{""rolling_error_500"": 0.4, ""cumulative_error"": 0.5994}","{""detector"": ""ADWIN"", ""delta"": 0.002, ""n_seen"": 222112, ""n_drifts"": 194, ""window_size"": 80.0, ""estimation"": 0.3375}"
195,drift,ADWIN,222175,2026-09-08T09:16:43,baseline_v1,56.0,"{""rolling_error_500"": 0.338, ""cumulative_error"": 0.5994}","{""detector"": ""ADWIN"", ""delta"": 0.002, ""n_seen"": 222176, ""n_drifts"": 195, ""window_size"": 56.0, ""estimation"": 0.5892857142857143}"
196,drift,ADWIN,222271,2026-09-08T09:16:43,baseline_v1,64.0,"{""rolling_error_500"": 0.226, ""cumulative_error"": 0.5993}","{""detector"": ""ADWIN"", ""delta"": 0.002, ""n_seen"": 222272, ""n_drifts"": 196, ""window_size"": 64.0, ""estimation"": 0.125}"
197,drift,ADWIN,222399,2026-09-08T09:16:43,baseline_v1,64.0,"{""rolling_error_500"": 0.28, ""cumulative_error"": 0.5992}","{""detector"": ""ADWIN"", ""delta"": 0.002, ""n_seen"": 222400, ""n_drifts"": 197, ""window_size"": 64.0, ""estimation"": 0.609375}"
198,drift,ADWIN,223551,2026-09-08T09:16:43,baseline_v1,64.0,"{""rolling_error_500"": 0.93, ""cumulative_error"": 0.6011}","{""detector"": ""ADWIN"", ""delta"": 0.002, ""n_seen"": 223552, ""n_drifts"": 198, ""window_size"": 64.0, ""estimation"": 0.46875}"
199,drift,ADWIN,225855,2026-09-08T09:16:44,baseline_v1,64.0,"{""rolling_error_500"": 0.048, ""cumulative_error"": 0.5951}","{""detector"": ""ADWIN"", ""delta"": 0.002, ""n_seen"": 225856, ""n_drifts"": 199, ""window_size"": 64.0, ""estimation"": 0.34375}"
200,drift,ADWIN,227391,2026-09-08T09:16:44,baseline_v1,80.0,"{""rolling_error_500"": 0.946, ""cumulative_error"": 0.5977}","{""detector"": ""ADWIN"", ""delta"": 0.002, ""n_seen"": 227392, ""n_drifts"": 200, ""window_size"": 80.0, ""estimation"": 0.6625}"
201,drift,ADWIN,230495,2026-09-08T09:16:45,baseline_v1,64.0,"{""rolling_error_500"": 0.93, ""cumulative_error"": 0.603}","{""detector"": ""ADWIN"", ""delta"": 0.002, ""n_seen"": 230496, ""n_drifts"": 201, ""window_size"": 64.0, ""estimation"": 0.453125}"
202,drift,ADWIN,233055,2026-09-08T09:16:46,baseline_v1,64.0,"{""rolling_error_500"": 0.038, ""cumulative_error"": 0.5964}","{""detector"": ""ADWIN"", ""delta"": 0.002, ""n_seen"": 233056, ""n_drifts"": 202, ""window_size"": 64.0, ""estimation"": 0.296875}"
203,drift,ADWIN,234655,2026-09-08T09:16:46,baseline_v1,1088.0,"{""rolling_error_500"": 0.968, ""cumulative_error"": 0.5991}","{""detector"": ""ADWIN"", ""delta"": 0.002, ""n_seen"": 234656, ""n_drifts"": 203, ""window_size"": 1088.0, ""estimation"": 0.984375}"
204,drift,ADWIN,234847,2026-09-08T09:16:46,baseline_v1,64.0,"{""rolling_error_500"": 0.686, ""cumulative_error"": 0.5988}","{""detector"": ""ADWIN"", ""delta"": 0.002, ""n_seen"": 234848, ""n_drifts"": 204, ""window_size"": 64.0, ""estimation"": 0.671875}"
205,drift,ADWIN,238207,2026-09-08T09:16:47,baseline_v1,80.0,"{""rolling_error_500"": 0.938, ""cumulative_error"": 0.6042}","{""detector"": ""ADWIN"", ""delta"": 0.002, ""n_seen"": 238208, ""n_drifts"": 205, ""window_size"": 80.0, ""estimation"": 0.6125}"
206,drift,ADWIN,238335,2026-09-08T09:16:47,baseline_v1,112.0,"{""rolling_error_500"": 0.906, ""cumulative_error"": 0.6044}","{""detector"": ""ADWIN"", ""delta"": 0.002, ""n_seen"": 238336, ""n_drifts"": 206, ""window_size"": 112.0, ""estimation"": 1.0}"
207,drift,ADWIN,239519,2026-09-08T09:16:48,baseline_v1,96.0,"{""rolling_error_500"": 0.966, ""cumulative_error"": 0.6063}","{""detector"": ""ADWIN"", ""delta"": 0.002, ""n_seen"": 239520, ""n_drifts"": 207, ""window_size"": 96.0, ""estimation"": 0.8229166666666666}"
208,drift,ADWIN,240927,2026-09-08T09:16:48,baseline_v1,80.0,"{""rolling_error_500"": 0.036, ""cumulative_error"": 0.6028}","{""detector"": ""ADWIN"", ""delta"": 0.002, ""n_seen"": 240928, ""n_drifts"": 208, ""window_size"": 80.0, ""estimation"": 0.225}"
209,drift,ADWIN,241247,2026-09-08T09:16:48,baseline_v1,256.0,"{""rolling_error_500"": 0.648, ""cumulative_error"": 0.6033}","{""detector"": ""ADWIN"", ""delta"": 0.002, ""n_seen"": 241248, ""n_drifts"": 209, ""window_size"": 256.0, ""estimation"": 0.9453125}"
210,drift,ADWIN,241407,2026-09-08T09:16:48,baseline_v1,128.0,"{""rolling_error_500"": 0.93, ""cumulative_error"": 0.6035}","{""detector"": ""ADWIN"", ""delta"": 0.002, ""n_seen"": 241408, ""n_drifts"": 210, ""window_size"": 128.0, ""estimation"": 0.8515625}"
211,drift,ADWIN,241855,2026-09-08T09:16:48,baseline_v1,80.0,"{""rolling_error_500"": 0.918, ""cumulative_error"": 0.6041}","{""detector"": ""ADWIN"", ""delta"": 0.002, ""n_seen"": 241856, ""n_drifts"": 211, ""window_size"": 80.0, ""estimation"": 0.7375}"
212,drift,ADWIN,242207,2026-09-08T09:16:48,baseline_v1,288.0,"{""rolling_error_500"": 0.902, ""cumulative_error"": 0.6046}","{""detector"": ""ADWIN"", ""delta"": 0.002, ""n_seen"": 242208, ""n_drifts"": 212, ""window_size"": 288.0, ""estimation"": 0.9548611111111112}"
213,drift,ADWIN,242335,2026-09-08T09:16:48,baseline_v1,56.0,"{""rolling_error_500"": 0.866, ""cumulative_error"": 0.6047}","{""detector"": ""ADWIN"", ""delta"": 0.002, ""n_seen"": 242336, ""n_drifts"": 213, ""window_size"": 56.0, ""estimation"": 0.5714285714285714}"
214,drift,ADWIN,327199,2026-09-08T09:17:13,baseline_v1,15232.0,"{""rolling_error_500"": 0.012, ""cumulative_error"": 0.4479}","{""detector"": ""ADWIN"", ""delta"": 0.002, ""n_seen"": 327200, ""n_drifts"": 214, ""window_size"": 15232.0, ""estimation"": 0.0007878151260504202}"
215,drift,ADWIN,347135,2026-09-08T09:17:18,baseline_v1,17888.0,"{""rolling_error_500"": 0.0, ""cumulative_error"": 0.4225}","{""detector"": ""ADWIN"", ""delta"": 0.002, ""n_seen"": 347136, ""n_drifts"": 215, ""window_size"": 17888.0, ""estimation"": 0.005199016100178891}"
216,drift,ADWIN,358751,2026-09-08T09:17:22,baseline_v1,9568.0,"{""rolling_error_500"": 0.026, ""cumulative_error"": 0.4091}","{""detector"": ""ADWIN"", ""delta"": 0.002, ""n_seen"": 358752, ""n_drifts"": 216, ""window_size"": 9568.0, ""estimation"": 0.01024247491638796}"
217,drift,ADWIN,364799,2026-09-08T09:17:24,baseline_v1,928.0,"{""rolling_error_500"": 0.056, ""cumulative_error"": 0.4027}","{""detector"": ""ADWIN"", ""delta"": 0.002, ""n_seen"": 364800, ""n_drifts"": 217, ""window_size"": 928.0, ""estimation"": 0.03879310344827586}"
218,drift,ADWIN,367007,2026-09-08T09:17:24,baseline_v1,1952.0,"{""rolling_error_500"": 0.054, ""cumulative_error"": 0.4004}","{""detector"": ""ADWIN"", ""delta"": 0.002, ""n_seen"": 367008, ""n_drifts"": 218, ""window_size"": 1952.0, ""estimation"": 0.02305327868852459}"
219,drift,ADWIN,369695,2026-09-08T09:17:25,baseline_v1,1408.0,"{""rolling_error_500"": 0.082, ""cumulative_error"": 0.3977}","{""detector"": ""ADWIN"", ""delta"": 0.002, ""n_seen"": 369696, ""n_drifts"": 219, ""window_size"": 1408.0, ""estimation"": 0.04403409090909091}"
220,drift,ADWIN,373151,2026-09-08T09:17:26,baseline_v1,1152.0,"{""rolling_error_500"": 0.034, ""cumulative_error"": 0.3942}","{""detector"": ""ADWIN"", ""delta"": 0.002, ""n_seen"": 373152, ""n_drifts"": 220, ""window_size"": 1152.0, ""estimation"": 0.019965277777777776}"
221,drift,ADWIN,374847,2026-09-08T09:17:26,baseline_v1,1440.0,"{""rolling_error_500"": 0.002, ""cumulative_error"": 0.3926}","{""detector"": ""ADWIN"", ""delta"": 0.002, ""n_seen"": 374848, ""n_drifts"": 221, ""window_size"": 1440.0, ""estimation"": 0.04097222222222222}"
222,drift,ADWIN,375679,2026-09-08T09:17:27,baseline_v1,576.0,"{""rolling_error_500"": 0.038, ""cumulative_error"": 0.3919}","{""detector"": ""ADWIN"", ""delta"": 0.002, ""n_seen"": 375680, ""n_drifts"": 222, ""window_size"": 576.0, ""estimation"": 0.046875}"
223,drift,ADWIN,376511,2026-09-08T09:17:27,baseline_v1,576.0,"{""rolling_error_500"": 0.104, ""cumulative_error"": 0.3912}","{""detector"": ""ADWIN"", ""delta"": 0.002, ""n_seen"": 376512, ""n_drifts"": 223, ""window_size"": 576.0, ""estimation"": 0.10069444444444445}"
224,drift,ADWIN,380031,2026-09-08T09:17:28,baseline_v1,384.0,"{""rolling_error_500"": 0.032, ""cumulative_error"": 0.3878}","{""detector"": ""ADWIN"", ""delta"": 0.002, ""n_seen"": 380032, ""n_drifts"": 224, ""window_size"": 384.0, ""estimation"": 0.041666666666666664}"
225,drift,ADWIN,381663,2026-09-08T09:17:28,baseline_v1,864.0,"{""rolling_error_500"": 0.174, ""cumulative_error"": 0.3868}","{""detector"": ""ADWIN"", ""delta"": 0.002, ""n_seen"": 381664, ""n_drifts"": 225, ""window_size"": 864.0, ""estimation"": 0.16550925925925927}"
226,drift,ADWIN,383167,2026-09-08T09:17:29,baseline_v1,736.0,"{""rolling_error_500"": 0.134, ""cumulative_error"": 0.3857}","{""detector"": ""ADWIN"", ""delta"": 0.002, ""n_seen"": 383168, ""n_drifts"": 226, ""window_size"": 736.0, ""estimation"": 0.13451086956521738}"
227,drift,ADWIN,383391,2026-09-08T09:17:29,baseline_v1,192.0,"{""rolling_error_500"": 0.152, ""cumulative_error"": 0.3856}","{""detector"": ""ADWIN"", ""delta"": 0.002, ""n_seen"": 383392, ""n_drifts"": 227, ""window_size"": 192.0, ""estimation"": 0.15625}"
228,drift,ADWIN,383839,2026-09-08T09:17:29,baseline_v1,320.0,"{""rolling_error_500"": 0.122, ""cumulative_error"": 0.3853}","{""detector"": ""ADWIN"", ""delta"": 0.002, ""n_seen"": 383840, ""n_drifts"": 228, ""window_size"": 320.0, ""estimation"": 0.075}"
229,drift,ADWIN,384543,2026-09-08T09:17:29,baseline_v1,320.0,"{""rolling_error_500"": 0.058, ""cumulative_error"": 0.3847}","{""detector"": ""ADWIN"", ""delta"": 0.002, ""n_seen"": 384544, ""n_drifts"": 229, ""window_size"": 320.0, ""estimation"": 0.090625}"
230,drift,ADWIN,385887,2026-09-08T09:17:30,baseline_v1,1088.0,"{""rolling_error_500"": 0.004, ""cumulative_error"": 0.3834}","{""detector"": ""ADWIN"", ""delta"": 0.002, ""n_seen"": 385888, ""n_drifts"": 230, ""window_size"": 1088.0, ""estimation"": 0.003676470588235294}"
231,drift,ADWIN,407551,2026-09-08T09:17:36,baseline_v1,17568.0,"{""rolling_error_500"": 0.002, ""cumulative_error"": 0.3634}","{""detector"": ""ADWIN"", ""delta"": 0.002, ""n_seen"": 407552, ""n_drifts"": 231, ""window_size"": 17568.0, ""estimation"": 0.005976775956284153}"
232,drift,ADWIN,448767,2026-09-08T09:17:48,baseline_v1,12544.0,"{""rolling_error_500"": 0.034, ""cumulative_error"": 0.3305}","{""detector"": ""ADWIN"", ""delta"": 0.002, ""n_seen"": 448768, ""n_drifts"": 232, ""window_size"": 12544.0, ""estimation"": 0.00701530612244898}"
233,drift,ADWIN,451647,2026-09-08T09:17:48,baseline_v1,2368.0,"{""rolling_error_500"": 0.0, ""cumulative_error"": 0.3285}","{""detector"": ""ADWIN"", ""delta"": 0.002, ""n_seen"": 451648, ""n_drifts"": 233, ""window_size"": 2368.0, ""estimation"": 0.0059121621621621625}"
234,drift,ADWIN,455871,2026-09-08T09:17:50,baseline_v1,3712.0,"{""rolling_error_500"": 0.04, ""cumulative_error"": 0.3255}","{""detector"": ""ADWIN"", ""delta"": 0.002, ""n_seen"": 455872, ""n_drifts"": 234, ""window_size"": 3712.0, ""estimation"": 0.013469827586206896}"
235,drift,ADWIN,458783,2026-09-08T09:17:51,baseline_v1,2400.0,"{""rolling_error_500"": 0.082, ""cumulative_error"": 0.3237}","{""detector"": ""ADWIN"", ""delta"": 0.002, ""n_seen"": 458784, ""n_drifts"": 235, ""window_size"": 2400.0, ""estimation"": 0.045}"
